platform,avg_engagement_rate,avg_conversion_rate,avg_follower_count,total_campaign_reach,avg_ad_spend
Facebook,0.08644355158730158,0.028878025793650793,502059.61904761905,51732321,515.5609623015873
Instagram,0.08687991987981973,0.029178718077115674,507109.37806710065,50733797,522.2283324987482
LinkedIn,0.08613296975706494,0.02919727317798711,500355.5909766981,50334421,533.6094397620228
TikTok,0.08648506097560975,0.029290447154471544,501529.66209349595,49344839,538.6331859756098
Twitter,0.08774275724275725,0.029602247752247752,508660.5034965035,50943105,528.8896953046952
